timestamp,project_name,run_id,duration,emissions,emissions_rate,cpu_power,gpu_power,ram_power,cpu_energy,gpu_energy,ram_energy,energy_consumed,country_name,country_iso_code,region,cloud_provider,cloud_region,os,python_version,cpu_count,cpu_model,gpu_count,gpu_model,longitude,latitude,ram_total_size,tracking_mode,on_cloud
2022-11-01T18:39:19,codecarbon,9175355b-8526-4dcd-87d6-81e568e8b352,0.012977123260498,3.877336826067111e-08,0.0029878246112292,22.5,1.583,2.940310478210449,7.480978965759278e-08,4.3864197201199006e-10,8.14746422292955e-10,7.606317805189773e-08,India,IND,,,,Windows-10-10.0.22000-SP0,3.10.8,8,Intel(R) Core(TM) i5-10300H CPU @ 2.50GHz,1,1 x NVIDIA GeForce GTX 1650,,,7.840827941894531,machine,N
2022-11-01T18:45:42,codecarbon,502191b9-b629-436e-9cfd-49d3ff509057,0.013986587524414,3.878406949576464e-08,0.0027729472559382,22.5,1.505,2.940310478210449,7.485151290893556e-08,4.1732754972245934e-10,8.15330609498232e-10,7.608417106815623e-08,India,IND,,,,Windows-10-10.0.22000-SP0,3.10.8,8,Intel(R) Core(TM) i5-10300H CPU @ 2.50GHz,1,1 x NVIDIA GeForce GTX 1650,,,7.840827941894531,machine,N
2022-11-01T18:55:55,codecarbon,0a801ef5-831d-441e-9a5e-55b8f74ba3aa,0.0139639377593994,4.2158378949644094e-08,0.0030190895774557,22.5,1.543,2.940310478210449,8.10295343399048e-08,8.55116314358181e-10,8.1903046179832e-10,8.270368111606129e-08,India,IND,,,,Windows-10-10.0.22000-SP0,3.10.8,8,Intel(R) Core(TM) i5-10300H CPU @ 2.50GHz,1,1 x NVIDIA GeForce GTX 1650,,,7.840827941894531,machine,N
2022-11-01T18:56:01,codecarbon,53c5b772-e10a-46dc-854d-d01ecd8e3804,0.0109724998474121,3.2390103202103e-08,0.0029519347142886,22.5,1.394,2.940310478210449,6.233900785446166e-08,3.86547909842597e-10,8.15330609498232e-10,6.354088637380249e-08,India,IND,,,,Windows-10-10.0.22000-SP0,3.10.8,8,Intel(R) Core(TM) i5-10300H CPU @ 2.50GHz,1,1 x NVIDIA GeForce GTX 1650,,,7.840827941894531,machine,N
2022-11-01T18:56:11,codecarbon,a976b2ff-3b80-4f3a-89fe-45cf7178bb55,0.0129799842834472,3.198167469003677e-08,0.0024639224510326,22.5,1.419,2.940310478210449,6.234645843505858e-08,3.9319833119710287e-10,0.0,6.273965676625569e-08,India,IND,,,,Windows-10-10.0.22000-SP0,3.10.8,8,Intel(R) Core(TM) i5-10300H CPU @ 2.50GHz,1,1 x NVIDIA GeForce GTX 1650,,,7.840827941894531,machine,N
2022-11-01T18:58:21,codecarbon,36970115-fee4-4a8f-b0e1-8dd7c0bb8628,0.0119695663452148,3.5578531153207326e-08,0.0029724160531037,22.5,1.453,2.940310478210449,6.85766339302063e-08,4.031969441307916e-10,8.159147967035091e-10,6.97957456710406e-08,India,IND,,,,Windows-10-10.0.22000-SP0,3.10.8,8,Intel(R) Core(TM) i5-10300H CPU @ 2.50GHz,1,1 x NVIDIA GeForce GTX 1650,,,7.840827941894531,machine,N
2022-11-01T18:58:49,codecarbon,e143a8be-c920-4e6a-89cf-d515ab940028,0.0120015144348144,3.559927639709148e-08,0.0029662320193378,22.5,1.503,2.940310478210449,6.860345602035523e-08,4.1707158088684085e-10,8.159147967035091e-10,6.983644239794556e-08,India,IND,,,,Windows-10-10.0.22000-SP0,3.10.8,8,Intel(R) Core(TM) i5-10300H CPU @ 2.50GHz,1,1 x NVIDIA GeForce GTX 1650,,,7.840827941894531,machine,N
2022-11-01T19:00:13,codecarbon,77fdf77a-522b-4274-835a-0578b4d8d9d7,0.0139551162719726,4.2282707267563545e-08,0.0030299071998764,22.5,1.718,2.940310478210449,8.118748664855956e-08,9.511894649929471e-10,8.08904550240186e-10,8.29475806637927e-08,India,IND,,,,Windows-10-10.0.22000-SP0,3.10.8,8,Intel(R) Core(TM) i5-10300H CPU @ 2.50GHz,1,1 x NVIDIA GeForce GTX 1650,,,7.840827941894531,machine,N
2022-11-01T19:03:39,codecarbon,25cff1c1-094b-4374-9619-657a762eedbb,0.0120003223419189,3.568224229722002e-08,0.0029734403193967,22.5,1.445,2.940310478210449,6.878376007080079e-08,4.004985094070435e-10,8.14941151361381e-10,6.99991997315692e-08,India,IND,,,,Windows-10-10.0.22000-SP0,3.10.8,8,Intel(R) Core(TM) i5-10300H CPU @ 2.50GHz,1,1 x NVIDIA GeForce GTX 1650,,,7.840827941894531,machine,N
2022-11-01T19:15:09,codecarbon,4759d7cd-b563-42f8-bd7f-09683cc89c65,0.0149610042572021,4.194772847197477e-08,0.0028038043269576,22.5,1.58,2.940310478210449,8.103698492050172e-08,4.3812460369533964e-10,8.15330609498232e-10,8.229044013369528e-08,India,IND,,,,Windows-10-10.0.22000-SP0,3.10.8,8,Intel(R) Core(TM) i5-10300H CPU @ 2.50GHz,1,1 x NVIDIA GeForce GTX 1650,,,7.840827941894531,machine,N
2022-11-01T19:17:56,codecarbon,3f3a67d2-e7a9-4ad6-afb4-d1128a276078,0.0139598846435546,4.157391376224442e-08,0.0029780986608251,22.5,1.977,2.940310478210449,8.101165294647217e-08,5.454607804616292e-10,0.0,8.155711372693379e-08,India,IND,,,,Windows-10-10.0.22000-SP0,3.10.8,8,Intel(R) Core(TM) i5-10300H CPU @ 2.50GHz,1,1 x NVIDIA GeForce GTX 1650,,,7.840827941894531,machine,N
2022-11-01T19:18:09,codecarbon,68ea06c0-7149-418c-ac2d-b51e7036dd3d,0.0129635334014892,3.845742275247627e-08,0.0029665849241425,22.5,2.357,2.940310478210449,7.479041814804077e-08,6.529576910866632e-10,0.0,7.544337583912746e-08,India,IND,,,,Windows-10-10.0.22000-SP0,3.10.8,8,Intel(R) Core(TM) i5-10300H CPU @ 2.50GHz,1,1 x NVIDIA GeForce GTX 1650,,,7.840827941894531,machine,N
2022-11-01T19:18:13,codecarbon,35139472-bd0b-4f82-8dcd-34dab5519f6d,0.0199465751647949,6.284501431719518e-08,0.0031506669088794,22.5,2.1590000000000003,2.940310478210449,1.1844336986541749e-07,2.3925666676627267e-09,2.4494969517263604e-09,1.2328543348480658e-07,India,IND,,,,Windows-10-10.0.22000-SP0,3.10.8,8,Intel(R) Core(TM) i5-10300H CPU @ 2.50GHz,1,1 x NVIDIA GeForce GTX 1650,,,7.840827941894531,machine,N
2022-11-01T19:18:13,codecarbon,43f4664a-c763-4d4e-a6cc-fdbd9214bda3,0.0289082527160644,9.117526886104545e-08,0.0031539529475048,22.5,2.1590000000000003,2.940310478210449,1.746445894241333e-07,1.785595681932237e-09,2.431776606499624e-09,1.7886196171256516e-07,India,IND,,,,Windows-10-10.0.22000-SP0,3.10.8,8,Intel(R) Core(TM) i5-10300H CPU @ 2.50GHz,1,1 x NVIDIA GeForce GTX 1650,,,7.840827941894531,machine,N
2022-11-01T19:19:57,codecarbon,27f16b6b-dbfc-41f6-a385-367acd21c619,0.0129656791687011,4.2236310949153855e-08,0.0032575471288161,22.5,1.812,2.940310478210449,8.103549480438235e-08,1.0051536560058591e-09,8.159147967035091e-10,8.285656325709169e-08,India,IND,,,,Windows-10-10.0.22000-SP0,3.10.8,8,Intel(R) Core(TM) i5-10300H CPU @ 2.50GHz,1,1 x NVIDIA GeForce GTX 1650,,,7.840827941894531,machine,N
2022-11-01T19:20:58,codecarbon,dbdd12ba-43e5-49ee-a5d5-a6cc4a889742,0.011970043182373,3.5933049306290536e-08,0.0030019147599404,22.5,1.647,2.940310478210449,6.876438856124878e-08,9.128612279891967e-10,8.139675060192532e-10,7.049121729525722e-08,India,IND,,,,Windows-10-10.0.22000-SP0,3.10.8,8,Intel(R) Core(TM) i5-10300H CPU @ 2.50GHz,1,1 x NVIDIA GeForce GTX 1650,,,7.840827941894531,machine,N
2022-11-01T19:24:54,codecarbon,e96539e6-ff75-420e-99e0-98e724ecebf7,0.0129661560058593,4.2141941058791384e-08,0.0032501491606107,22.5,1.475,2.940310478210449,8.10384750366211e-08,8.18212827046712e-10,8.14746422292955e-10,8.267143428596077e-08,India,IND,,,,Windows-10-10.0.22000-SP0,3.10.8,8,Intel(R) Core(TM) i5-10300H CPU @ 2.50GHz,1,1 x NVIDIA GeForce GTX 1650,,,7.840827941894531,machine,N
2022-11-01T19:32:25,codecarbon,fb4e0831-f7f1-4c9c-80d2-59778cd27a7e,0.0099742412567138,3.202265297790237e-08,0.0032105352330782,22.5,1.7360000000000002,2.940310478210449,6.233900785446166e-08,4.81037563747829e-10,0.0,6.28200454182095e-08,India,IND,,,,Windows-10-10.0.22000-SP0,3.10.8,8,Intel(R) Core(TM) i5-10300H CPU @ 2.50GHz,1,1 x NVIDIA GeForce GTX 1650,,,7.840827941894531,machine,N
2022-11-01T19:33:25,codecarbon,83fc41aa-2eaf-45c9-b40f-197170dee940,0.0090091228485107,2.9317533785662053e-08,0.0032542051294714,22.5,1.412,2.940310478210449,5.6307017803192174e-08,3.9135217666625967e-10,8.14941151361381e-10,5.7513311131219787e-08,India,IND,,,,Windows-10-10.0.22000-SP0,3.10.8,8,Intel(R) Core(TM) i5-10300H CPU @ 2.50GHz,1,1 x NVIDIA GeForce GTX 1650,,,7.840827941894531,machine,N
2022-11-01T20:16:28,codecarbon,2343745d-5b8b-4a24-8301-b11de6d74704,0.0139670372009277,3.514563311346132e-08,0.0025163270211041,22.5,1.3930000000000002,2.940310478210449,6.856024265289308e-08,3.8627061578962527e-10,0.0,6.89465132686827e-08,India,IND,,,,Windows-10-10.0.22000-SP0,3.10.8,8,Intel(R) Core(TM) i5-10300H CPU @ 2.50GHz,1,1 x NVIDIA GeForce GTX 1650,,,7.840827941894531,machine,N
2022-11-01T20:26:36,codecarbon,a1a108a9-c8c4-4cd4-bbe9-31c63a74f4c0,0.0129506587982177,3.5619507870316026e-08,0.00275040122864,22.5,2.276,2.940310478210449,6.845593452453612e-08,6.196655167473688e-10,8.00531200297882e-10,6.98761312415814e-08,India,IND,,,,Windows-10-10.0.22000-SP0,3.10.8,8,Intel(R) Core(TM) i5-10300H CPU @ 2.50GHz,1,1 x NVIDIA GeForce GTX 1650,,,7.840827941894531,machine,N
2022-11-02T11:08:09,codecarbon,c6615214-6273-4aeb-9965-837ffa0d248f,0.0220868587493896,6.00158802630995e-08,0.0027172664498865,22.5,1.923,2.940310478210449,1.1016130447387694e-07,3.603389660517375e-09,3.970720434267605e-09,1.1773541456866193e-07,India,IND,,,,Windows-10-10.0.22000-SP0,3.10.8,8,Intel(R) Core(TM) i5-10300H CPU @ 2.50GHz,1,1 x NVIDIA GeForce GTX 1650,,,7.840827941894531,machine,N
2022-11-02T11:10:04,codecarbon,1466a8aa-9c6b-48d8-9b83-5a943f974616,0.0179505348205566,5.8179525997367173e-08,0.0032411026512001,22.5,1.981,2.940310478210449,1.0595321655273437e-07,3.292637202474806e-09,4.887115430278755e-09,1.1413296918548793e-07,India,IND,,,,Windows-10-10.0.22000-SP0,3.10.8,8,Intel(R) Core(TM) i5-10300H CPU @ 2.50GHz,1,1 x NVIDIA GeForce GTX 1650,,,7.840827941894531,machine,N
2022-11-02T14:02:22,codecarbon,958b7f87-5a64-458b-9b3d-350fc1b74f72,0.0149571895599365,4.6236771226791446e-08,0.003091274001811,22.5,1.88,2.940310478210449,8.75145196914673e-08,1.5615728166368275e-09,1.628324470175357e-09,9.070441697827949e-08,India,IND,,,,Windows-10-10.0.22000-SP0,3.10.8,8,Intel(R) Core(TM) i5-10300H CPU @ 2.50GHz,1,1 x NVIDIA GeForce GTX 1650,,,7.840827941894531,machine,N
2022-11-02T14:02:56,codecarbon,998c0a5a-5c35-499f-93a7-d5295d3a1088,0.0175192356109619,5.709890721356653e-08,0.0032592122442739,22.5,1.714,2.940310478210449,1.0353177785873413e-07,3.1233304076724583e-09,5.357970317731997e-09,1.120130785841386e-07,India,IND,,,,Windows-10-10.0.22000-SP0,3.10.8,8,Intel(R) Core(TM) i5-10300H CPU @ 2.50GHz,1,1 x NVIDIA GeForce GTX 1650,,,7.840827941894531,machine,N
2022-11-02T14:05:43,codecarbon,a012d1ea-33d1-48bb-b7e2-33053db6f49e,0.0128774642944335,4.193200739303189e-08,0.0032562316954866,22.5,1.821,2.940310478210449,8.048415184020996e-08,9.632327159245811e-10,8.122149444034221e-10,8.225959950053797e-08,India,IND,,,,Windows-10-10.0.22000-SP0,3.10.8,8,Intel(R) Core(TM) i5-10300H CPU @ 2.50GHz,1,1 x NVIDIA GeForce GTX 1650,,,7.840827941894531,machine,N
2022-11-02T14:10:13,codecarbon,cb51beb7-329c-4343-a2bf-1147810fcb39,0.0184054374694824,5.881386537678068e-08,0.0031954614213489,22.5,1.832,2.940310478210449,1.085236668586731e-07,2.631009949578179e-09,4.222699848810408e-09,1.153773766570617e-07,India,IND,,,,Windows-10-10.0.22000-SP0,3.10.8,8,Intel(R) Core(TM) i5-10300H CPU @ 2.50GHz,1,1 x NVIDIA GeForce GTX 1650,,,7.840827941894531,machine,N
2022-11-02T14:10:22,codecarbon,7d3107af-825b-4d5a-8549-a9aac41a5b71,0.0139636993408203,4.26823877430823e-08,0.0030566676280624,22.5,1.8460000000000003,2.940310478210449,8.10772180557251e-08,1.0237696435716415e-09,1.630661218996465e-09,8.37316489182932e-08,India,IND,,,,Windows-10-10.0.22000-SP0,3.10.8,8,Intel(R) Core(TM) i5-10300H CPU @ 2.50GHz,1,1 x NVIDIA GeForce GTX 1650,,,7.840827941894531,machine,N
2022-11-02T14:14:11,codecarbon,d10f0856-2ee4-481b-a65e-da9a9e8270c6,0.0205447673797607,6.356851084181914e-08,0.0030941460502708,22.5,1.95,2.940310478210449,1.2273192405700686e-07,1.112312078475952e-09,8.605077533729856e-10,1.2470474388885578e-07,India,IND,,,,Windows-10-10.0.22000-SP0,3.10.8,8,Intel(R) Core(TM) i5-10300H CPU @ 2.50GHz,1,1 x NVIDIA GeForce GTX 1650,,,7.840827941894531,machine,N
2022-11-02T14:16:18,codecarbon,b0a072c4-dd06-4309-add1-d3267eb37c20,0.0159597396850585,5.07059893633083e-08,0.0031771188229829,22.5,1.881,2.940310478210449,9.358078241348265e-08,2.605209946632385e-09,3.2858583006145637e-09,9.94718506607296e-08,India,IND,,,,Windows-10-10.0.22000-SP0,3.10.8,8,Intel(R) Core(TM) i5-10300H CPU @ 2.50GHz,1,1 x NVIDIA GeForce GTX 1650,,,7.840827941894531,machine,N
2022-11-02T14:25:04,codecarbon,4897d830-ce3c-49ff-8086-49ab41671a2b,0.0156319141387939,4.9501226621092686e-08,0.0031666772336117,22.5,1.85,2.940310478210449,9.146183729171753e-08,2.393441067801581e-09,3.253143817119053e-09,9.710842217663817e-08,India,IND,,,,Windows-10-10.0.22000-SP0,3.10.8,8,Intel(R) Core(TM) i5-10300H CPU @ 2.50GHz,1,1 x NVIDIA GeForce GTX 1650,,,7.840827941894531,machine,N
2022-11-02T14:32:26,codecarbon,8276ef87-079c-4cb4-934f-cfcc3a6689a3,0.0099732875823974,2.9193248168683533e-08,0.0029271439259616,22.5,1.285,2.940310478210449,5.6098401546478264e-08,3.5615265369415276e-10,8.14941151361381e-10,5.72694953515338e-08,India,IND,,,,Windows-10-10.0.22000-SP0,3.10.8,8,Intel(R) Core(TM) i5-10300H CPU @ 2.50GHz,1,1 x NVIDIA GeForce GTX 1650,,,7.840827941894531,machine,N
2022-11-02T14:35:40,codecarbon,cc007b3d-bb7d-4132-988e-8f5fc0137e7e,0.0127656459808349,4.3604459780850566e-08,0.0034157660212662,22.5,1.42,2.940310478210449,7.978528738021852e-08,1.874274677700466e-09,3.880950333723377e-09,8.554051239164237e-08,India,IND,,,,Windows-10-10.0.22000-SP0,3.10.8,8,Intel(R) Core(TM) i5-10300H CPU @ 2.50GHz,1,1 x NVIDIA GeForce GTX 1650,,,7.840827941894531,machine,N
2022-11-02T14:37:25,codecarbon,c04e854b-0aa3-46fd-b4de-b9cc55c60acf,0.0139627456665039,4.757680925092084e-08,0.0034074107190146,22.5,1.1990000000000005,2.940310478210449,8.726716041564941e-08,1.9931064711676702e-09,4.072953195191076e-09,9.333322008200816e-08,India,IND,,,,Windows-10-10.0.22000-SP0,3.10.8,8,Intel(R) Core(TM) i5-10300H CPU @ 2.50GHz,1,1 x NVIDIA GeForce GTX 1650,,,7.840827941894531,machine,N
2022-11-02T14:38:14,codecarbon,80bf5b64-8d15-4a28-a507-07f8d321b58e,0.0089740753173828,2.9218827559017254e-08,0.0032559151250291,22.5,1.509,2.940310478210449,5.6087970733642575e-08,4.177371660868328e-10,8.139675060192532e-10,5.7319675405748666e-08,India,IND,,,,Windows-10-10.0.22000-SP0,3.10.8,8,Intel(R) Core(TM) i5-10300H CPU @ 2.50GHz,1,1 x NVIDIA GeForce GTX 1650,,,7.840827941894531,machine,N
2022-11-02T14:38:55,codecarbon,691a9f53-dd9f-4f39-a6c6-b32b73f710c3,0.0126416683197021,4.0705676756805744e-08,0.0032199608253734,22.5,1.617,2.940310478210449,7.480382919311524e-08,1.7918244997660319e-09,3.2582067728981203e-09,7.985386046577938e-08,India,IND,,,,Windows-10-10.0.22000-SP0,3.10.8,8,Intel(R) Core(TM) i5-10300H CPU @ 2.50GHz,1,1 x NVIDIA GeForce GTX 1650,,,7.840827941894531,machine,N
2022-11-02T14:39:23,codecarbon,3d0b1d22-73a0-4f8e-9606-f03d8bf32bde,0.0123164653778076,4.01217216134576e-08,0.0032575678478137,22.5,1.3190000000000002,2.940310478210449,7.480084896087649e-08,1.4637896087434559e-09,2.4436550796735902e-09,7.870829364929351e-08,India,IND,,,,Windows-10-10.0.22000-SP0,3.10.8,8,Intel(R) Core(TM) i5-10300H CPU @ 2.50GHz,1,1 x NVIDIA GeForce GTX 1650,,,7.840827941894531,machine,N
2022-11-02T14:43:18,codecarbon,3ff20eb8-7f60-4899-b210-471791c22353,0.0130014419555664,4.38175474036779e-08,0.0033702067473306,22.5,1.265,2.940310478210449,8.125901222229006e-08,1.413663890626695e-09,3.2858583006145637e-09,8.595853441353129e-08,India,IND,,,,Windows-10-10.0.22000-SP0,3.10.8,8,Intel(R) Core(TM) i5-10300H CPU @ 2.50GHz,1,1 x NVIDIA GeForce GTX 1650,,,7.840827941894531,machine,N
2022-11-02T14:46:18,codecarbon,942f492a-377c-4945-bd90-eeb51e749c2a,0.0102546215057373,3.0239916854606366e-08,0.0029489061919728,22.5,1.205,2.940310478210449,5.785375833511352e-08,4.2703118589189326e-10,1.0419952451456991e-09,5.932278476615111e-08,India,IND,,,,Windows-10-10.0.22000-SP0,3.10.8,8,Intel(R) Core(TM) i5-10300H CPU @ 2.50GHz,1,1 x NVIDIA GeForce GTX 1650,,,7.840827941894531,machine,N
2022-11-02T16:57:00,codecarbon,3b543cbb-3a43-46d2-8e7a-c0b9840c1f43,0.0229518413543701,7.271610982864669e-08,0.0031682037491428,22.5,1.181,2.940310478210449,1.3090670108795166e-07,3.598494529724121e-09,8.144738015971599e-09,1.426499336336474e-07,India,IND,,,,Windows-10-10.0.22000-SP0,3.10.8,8,Intel(R) Core(TM) i5-10300H CPU @ 2.50GHz,1,1 x NVIDIA GeForce GTX 1650,,,7.840827941894531,machine,N
2022-11-02T16:57:22,codecarbon,a3170abb-8021-4648-b3c7-2227b1634980,0.0329129695892334,1.1446961996628024e-07,0.0034779487051732,22.5,1.312,2.940310478210449,1.994580030441284e-07,7.996169196234811e-09,1.7105196099578278e-08,2.245593683399415e-07,India,IND,,,,Windows-10-10.0.22000-SP0,3.10.8,8,Intel(R) Core(TM) i5-10300H CPU @ 2.50GHz,1,1 x NVIDIA GeForce GTX 1650,,,7.840827941894531,machine,N
2022-11-02T16:57:41,codecarbon,b0794d0b-6c45-4243-aa93-69020d8b8b4d,0.2283887863159179,8.589000670647439e-07,0.0037606928121097,22.5,1.304,2.940310478210449,1.4274299144744873e-06,7.91150336795383e-08,1.7839168904288277e-07,1.6849366371969082e-06,India,IND,,,,Windows-10-10.0.22000-SP0,3.10.8,8,Intel(R) Core(TM) i5-10300H CPU @ 2.50GHz,1,1 x NVIDIA GeForce GTX 1650,,,7.840827941894531,machine,N
2022-11-02T17:00:19,codecarbon,ba6e36f6-e62e-40e0-88f8-61ffe2d207aa,0.1463170051574707,5.496863557284279e-07,0.003756817979816,22.5,1.345,2.940310478210449,9.14481282234192e-07,5.1685092515415616e-08,1.1217406932473752e-07,1.078340444074345e-06,India,IND,,,,Windows-10-10.0.22000-SP0,3.10.8,8,Intel(R) Core(TM) i5-10300H CPU @ 2.50GHz,1,1 x NVIDIA GeForce GTX 1650,,,7.840827941894531,machine,N
2022-11-02T17:03:45,codecarbon,274d5026-2a17-4779-acc1-2601d2beaf0e,0.1406230926513672,5.250244419835222e-07,0.0037335577826122,22.5,1.45,2.940310478210449,8.72659683227539e-07,5.222104986508687e-08,1.0507950517478549e-07,1.0299602382674111e-06,India,IND,,,,Windows-10-10.0.22000-SP0,3.10.8,8,Intel(R) Core(TM) i5-10300H CPU @ 2.50GHz,1,1 x NVIDIA GeForce GTX 1650,,,7.840827941894531,machine,N
2022-11-02T17:04:52,codecarbon,ff44a2f4-ba5d-4a4b-907c-35ff15266b81,0.0827765464782714,2.55186971032205e-07,0.0030828414797323,22.5,1.234,2.940310478210449,4.36323881149292e-07,1.9485675891240443e-08,4.480034312734915e-08,5.006099001678817e-07,India,IND,,,,Windows-10-10.0.22000-SP0,3.10.8,8,Intel(R) Core(TM) i5-10300H CPU @ 2.50GHz,1,1 x NVIDIA GeForce GTX 1650,,,7.840827941894531,machine,N
2022-11-02T17:05:17,codecarbon,0659c413-5f3d-4337-ae04-133679512e09,0.1077320575714111,3.993612171182612e-07,0.0037069858881469,22.5,1.42,2.940310478210449,6.670981645584105e-07,3.81544205877516e-08,7.818936811588628e-08,7.834419532620484e-07,India,IND,,,,Windows-10-10.0.22000-SP0,3.10.8,8,Intel(R) Core(TM) i5-10300H CPU @ 2.50GHz,1,1 x NVIDIA GeForce GTX 1650,,,7.840827941894531,machine,N
2022-11-02T17:05:21,codecarbon,9a136f13-1bc0-4f30-8e7d-2d17ea374631,0.0567941665649414,2.060062074097239e-07,0.0036272423713475,22.5,1.23,2.940310478210449,3.487363457679749e-07,1.6337960958480835e-08,3.905583560879223e-08,4.04130142335248e-07,India,IND,,,,Windows-10-10.0.22000-SP0,3.10.8,8,Intel(R) Core(TM) i5-10300H CPU @ 2.50GHz,1,1 x NVIDIA GeForce GTX 1650,,,7.840827941894531,machine,N
2022-11-02T17:05:25,codecarbon,0e046a99-0a99-478e-a8bc-0b1969b546ea,0.1017277240753173,3.569988508920113e-07,0.0035093565115808,22.5,1.515,2.940310478210449,6.295651197433472e-07,2.4342952171961472e-08,4.64300307010035e-08,7.003381026163121e-07,India,IND,,,,Windows-10-10.0.22000-SP0,3.10.8,8,Intel(R) Core(TM) i5-10300H CPU @ 2.50GHz,1,1 x NVIDIA GeForce GTX 1650,,,7.840827941894531,machine,N
2022-11-02T17:05:28,codecarbon,c44917fb-9ff7-4d4d-bb4a-cde5211bdf79,0.117366075515747,4.2356743730568826e-07,0.003608942664602,22.5,1.675,2.940310478210449,7.273048162460327e-07,3.790252572960324e-08,6.572086586459135e-08,8.309282078402272e-07,India,IND,,,,Windows-10-10.0.22000-SP0,3.10.8,8,Intel(R) Core(TM) i5-10300H CPU @ 2.50GHz,1,1 x NVIDIA GeForce GTX 1650,,,7.840827941894531,machine,N
2022-11-02T17:05:32,codecarbon,0ac95205-98e8-42e8-a0d4-17693b3f03bb,0.0977382659912109,3.633485864794962e-07,0.003717567349846,22.5,1.653,2.940310478210449,6.046310067176818e-07,3.892496506373088e-08,6.923864648570088e-08,7.127946182671136e-07,India,IND,,,,Windows-10-10.0.22000-SP0,3.10.8,8,Intel(R) Core(TM) i5-10300H CPU @ 2.50GHz,1,1 x NVIDIA GeForce GTX 1650,,,7.840827941894531,machine,N
2022-11-02T17:05:35,codecarbon,ff7efca1-9f83-4d45-8e8b-1cf1a1af62ab,0.1166894435882568,4.332450316494693e-07,0.0037128039891782,22.5,1.366,2.940310478210449,7.230743765830993e-07,4.049294299549528e-08,8.634578987596342e-08,8.49913109454558e-07,India,IND,,,,Windows-10-10.0.22000-SP0,3.10.8,8,Intel(R) Core(TM) i5-10300H CPU @ 2.50GHz,1,1 x NVIDIA GeForce GTX 1650,,,7.840827941894531,machine,N
2022-11-02T17:05:44,codecarbon,ca594f23-39dc-4027-8ba7-ad94d31cfcb1,0.1126983165740966,4.1256210787446353e-07,0.0036607654880382,22.5,1.3380000000000003,2.940310478210449,7.043644785881042e-07,3.817955772082011e-08,6.679460194789045e-08,8.093386382568147e-07,India,IND,,,,Windows-10-10.0.22000-SP0,3.10.8,8,Intel(R) Core(TM) i5-10300H CPU @ 2.50GHz,1,1 x NVIDIA GeForce GTX 1650,,,7.840827941894531,machine,N
2022-11-02T17:05:51,codecarbon,59d3042a-b222-45c8-b1ec-44d1ac1e7f88,0.0827119350433349,3.095672729167429e-07,0.0037427158819891,22.5,1.593,2.940310478210449,5.169495940208435e-07,3.174543857574463e-08,5.859475560555438e-08,6.072897882021425e-07,India,IND,,,,Windows-10-10.0.22000-SP0,3.10.8,8,Intel(R) Core(TM) i5-10300H CPU @ 2.50GHz,1,1 x NVIDIA GeForce GTX 1650,,,7.840827941894531,machine,N
2022-11-02T17:06:50,codecarbon,6a6ff5b9-cc08-4af6-ab62-e0d7a8d3bcdf,0.084773302078247,3.152794089950665e-07,0.003719088454335,22.5,1.484,2.940310478210449,5.298331379890441e-07,3.00126936700609e-08,5.864966920285042e-08,6.184955008619554e-07,India,IND,,,,Windows-10-10.0.22000-SP0,3.10.8,8,Intel(R) Core(TM) i5-10300H CPU @ 2.50GHz,1,1 x NVIDIA GeForce GTX 1650,,,7.840827941894531,machine,N
2022-11-02T17:07:44,codecarbon,86d615ad-de59-4ac2-91a9-e270eae98898,0.3091721534729004,1.1631317520396345e-06,0.0037620844535133,22.5,1.246,2.940310478210449,1.932325959205628e-06,1.042471512158712e-07,2.451862909907732e-07,2.281759401412272e-06,India,IND,,,,Windows-10-10.0.22000-SP0,3.10.8,8,Intel(R) Core(TM) i5-10300H CPU @ 2.50GHz,1,1 x NVIDIA GeForce GTX 1650,,,7.840827941894531,machine,N
2022-11-02T17:07:51,codecarbon,08cb31b7-ed35-4e22-9a0b-c6596c0dd00a,0.3101615905761719,1.1506079435588473e-06,0.0037097048071665,22.5,1.244,2.940310478210449,1.932278275489807e-06,9.683900356292725e-08,2.280736951865947e-07,2.257190974239329e-06,India,IND,,,,Windows-10-10.0.22000-SP0,3.10.8,8,Intel(R) Core(TM) i5-10300H CPU @ 2.50GHz,1,1 x NVIDIA GeForce GTX 1650,,,7.840827941894531,machine,N
2022-11-02T17:07:58,codecarbon,24953f5e-681a-442e-854c-57f6ea6f8a4a,0.2662899494171142,1.0003071158710314e-06,0.0037564583945455,22.5,1.3000000000000005,2.940310478210449,1.6580834984779355e-06,9.327941470676001e-08,2.109772618950956e-07,1.962340175079791e-06,India,IND,,,,Windows-10-10.0.22000-SP0,3.10.8,8,Intel(R) Core(TM) i5-10300H CPU @ 2.50GHz,1,1 x NVIDIA GeForce GTX 1650,,,7.840827941894531,machine,N
2022-11-02T17:08:12,codecarbon,3c113e94-18d7-41dc-ac1c-571a63ca6303,0.2996985912322998,1.1346883766326712e-06,0.0037860984663526,22.5,1.414,2.940310478210449,1.8731161952018737e-06,1.1458128664228649e-07,2.3826347787917258e-07,2.225960959723333e-06,India,IND,,,,Windows-10-10.0.22000-SP0,3.10.8,8,Intel(R) Core(TM) i5-10300H CPU @ 2.50GHz,1,1 x NVIDIA GeForce GTX 1650,,,7.840827941894531,machine,N
2022-11-02T17:08:37,codecarbon,97467652-1781-4bcd-9f34-296fe977212c,0.0788991451263427,2.880121996526192e-07,0.0036503842873255,22.5,1.349,2.940310478210449,4.868865013122558e-07,2.5080893900659348e-08,5.303699326361767e-08,5.650043884765328e-07,India,IND,,,,Windows-10-10.0.22000-SP0,3.10.8,8,Intel(R) Core(TM) i5-10300H CPU @ 2.50GHz,1,1 x NVIDIA GeForce GTX 1650,,,7.840827941894531,machine,N
2022-11-02T17:42:45,codecarbon,e0edbd89-aba9-4038-b64a-b25424f49dab,0.1103377342224121,4.25769364902403e-07,0.0038587829259223,22.5,2.7390000000000003,2.940310478210449,6.76959753036499e-07,7.633866747220357e-08,8.194939169811733e-08,8.352478122068199e-07,India,IND,,,,Windows-10-10.0.22000-SP0,3.10.8,8,Intel(R) Core(TM) i5-10300H CPU @ 2.50GHz,1,1 x NVIDIA GeForce GTX 1650,,,7.840827941894531,machine,N
2022-11-02T18:05:51,codecarbon,6b53bf4b-f11e-424d-bd42-88c6f9d0e711,0.1208720207214355,4.514665894068592e-07,0.0037350793567629,22.5,1.364,2.940310478210449,7.554501295089722e-07,4.126211060418024e-08,8.894678604292494e-08,8.856590261560773e-07,India,IND,,,,Windows-10-10.0.22000-SP0,3.10.8,8,Intel(R) Core(TM) i5-10300H CPU @ 2.50GHz,1,1 x NVIDIA GeForce GTX 1650,,,7.840827941894531,machine,N
2022-11-02T18:06:16,codecarbon,0bd132e0-c5c7-44d0-b7ad-cf5c8061c987,0.0578467845916748,2.0896685937388173e-07,0.0036124196158684,22.5,1.318,2.940310478210449,3.553062677383423e-07,1.716154562102424e-08,3.7470351533670514e-08,4.09938164893037e-07,India,IND,,,,Windows-10-10.0.22000-SP0,3.10.8,8,Intel(R) Core(TM) i5-10300H CPU @ 2.50GHz,1,1 x NVIDIA GeForce GTX 1650,,,7.840827941894531,machine,N
2022-11-02T18:07:09,codecarbon,8e70aa8f-ec1d-4ae6-b50d-2a9d5fb2133f,0.1286559104919433,4.777516230570784e-07,0.003713405946375,22.5,1.498,2.940310478210449,7.978662848472594e-07,4.731020980411106e-08,9.204687281226145e-08,9.37223367463632e-07,India,IND,,,,Windows-10-10.0.22000-SP0,3.10.8,8,Intel(R) Core(TM) i5-10300H CPU @ 2.50GHz,1,1 x NVIDIA GeForce GTX 1650,,,7.840827941894531,machine,N
2022-11-02T18:07:39,codecarbon,067d5a42-9924-412a-b1be-294cfa7b67bd,0.1077020168304443,3.969255285909909e-07,0.003685404788806,22.5,1.563,2.940310478210449,6.731376051902772e-07,4.19975600639979e-08,6.35286060122553e-08,7.786637712665304e-07,India,IND,,,,Windows-10-10.0.22000-SP0,3.10.8,8,Intel(R) Core(TM) i5-10300H CPU @ 2.50GHz,1,1 x NVIDIA GeForce GTX 1650,,,7.840827941894531,machine,N
2022-11-02T18:07:51,codecarbon,331555ee-4857-4f71-a730-25b30f841aea,0.1054348945617675,3.613538396281385e-07,0.0034272698913398,22.5,1.398,2.940310478210449,6.527349352836609e-07,1.8092947800954184e-08,3.805356509360536e-08,7.088814481782204e-07,India,IND,,,,Windows-10-10.0.22000-SP0,3.10.8,8,Intel(R) Core(TM) i5-10300H CPU @ 2.50GHz,1,1 x NVIDIA GeForce GTX 1650,,,7.840827941894531,machine,N
2022-11-02T18:08:07,codecarbon,d354f9c8-5884-4183-b7ad-853c5d41dfcd,0.0997333526611328,2.7483418431672893e-07,0.002755689816731,22.5,1.391,2.940310478210449,4.799693822860718e-07,1.926802178223928e-08,3.991517498775465e-08,5.391525790560657e-07,India,IND,,,,Windows-10-10.0.22000-SP0,3.10.8,8,Intel(R) Core(TM) i5-10300H CPU @ 2.50GHz,1,1 x NVIDIA GeForce GTX 1650,,,7.840827941894531,machine,N
2022-11-02T18:09:57,codecarbon,7a9e02a5-3be7-4c45-8aea-4346c33e2822,0.2992699146270752,1.1295519633520403e-06,0.0037743585577574,22.5,1.329,2.940310478210449,1.87043696641922e-06,1.0753492693106333e-07,2.3791277082693802e-07,2.215884664177221e-06,India,IND,,,,Windows-10-10.0.22000-SP0,3.10.8,8,Intel(R) Core(TM) i5-10300H CPU @ 2.50GHz,1,1 x NVIDIA GeForce GTX 1650,,,7.840827941894531,machine,N
2022-11-02T19:04:03,codecarbon,2d71988c-95b5-49e3-8101-fba00dc0d52a,0.2983241081237793,1.1155114328036718e-06,0.0037392600947316,22.5,1.302,2.940310478210449,1.852068305015564e-06,1.0320480426152549e-07,2.330677168754392e-07,2.188340826152528e-06,India,IND,,,,Windows-10-10.0.22000-SP0,3.10.8,8,Intel(R) Core(TM) i5-10300H CPU @ 2.50GHz,1,1 x NVIDIA GeForce GTX 1650,,,7.840827941894531,machine,N
2022-11-02T21:11:59,codecarbon,9531d0d6-bc50-4f6a-a3d0-736ec71177bb,0.0236895084381103,7.66595164226995e-08,0.0032360112757499,22.5,1.843,2.940310478210449,1.3562291860580444e-07,6.002278327941895e-09,8.760666059401957e-09,1.5038586299314828e-07,India,IND,,,,Windows-10-10.0.22000-SP0,3.10.8,8,Intel(R) Core(TM) i5-10300H CPU @ 2.50GHz,1,1 x NVIDIA GeForce GTX 1650,,,7.840827941894531,machine,N
2022-11-03T10:15:43,codecarbon,90fd6370-094f-45d4-923a-84af3a31433c,0.0224754810333251,7.038038372591042e-08,0.0031314294729245,22.5,1.83,2.940310478210449,1.281127333641052e-07,3.819010655085245e-09,6.136107675160929e-09,1.3806785169435137e-07,India,IND,,,,Windows-10-10.0.22000-SP0,3.10.8,8,Intel(R) Core(TM) i5-10300H CPU @ 2.50GHz,1,1 x NVIDIA GeForce GTX 1650,,,7.840827941894531,machine,N
2022-11-03T10:36:41,codecarbon,8717a28f-e281-4701-9759-6d29e3f93479,0.0175790786743164,5.396090262687986e-08,0.0030696092569241,22.5,1.233,2.940310478210449,9.973347187042234e-08,2.049543261528016e-09,4.07412156960163e-09,1.05857136701552e-07,India,IND,,,,Windows-10-10.0.22000-SP0,3.10.8,8,Intel(R) Core(TM) i5-10300H CPU @ 2.50GHz,1,1 x NVIDIA GeForce GTX 1650,,,7.840827941894531,machine,N
2022-11-03T10:48:26,codecarbon,5fcd412d-0a75-4623-beea-0b093c0a83c7,0.0150184631347656,4.910748176608668e-08,0.0032698073914373,22.5,2.227,2.940310478210449,8.763819932937621e-08,3.748564720153808e-09,4.949234003106539e-09,9.633599805263656e-08,India,IND,,,,Windows-10-10.0.22000-SP0,3.10.8,8,Intel(R) Core(TM) i5-10300H CPU @ 2.50GHz,1,1 x NVIDIA GeForce GTX 1650,,,7.840827941894531,machine,N
2022-11-03T10:59:18,codecarbon,caef5a2d-95df-45be-ac41-c4e0550e1df9,0.0148353576660156,5.083332588413407e-08,0.0034264981693418,22.5,1.363,2.940310478210449,9.272098541259765e-08,2.217341264088948e-09,4.7833248368078794e-09,9.972165151349448e-08,India,IND,,,,Windows-10-10.0.22000-SP0,3.10.8,8,Intel(R) Core(TM) i5-10300H CPU @ 2.50GHz,1,1 x NVIDIA GeForce GTX 1650,,,7.840827941894531,machine,N
2022-11-03T11:04:02,codecarbon,e081980b-71d6-4b83-ba1b-abe8fd67f93e,0.0164728164672851,5.250655553847607e-08,0.0031874667967529,22.5,1.346,2.940310478210449,9.518265724182129e-08,2.712325387530857e-09,5.109106568284006e-09,1.0300408919763617e-07,India,IND,,,,Windows-10-10.0.22000-SP0,3.10.8,8,Intel(R) Core(TM) i5-10300H CPU @ 2.50GHz,1,1 x NVIDIA GeForce GTX 1650,,,7.840827941894531,machine,N
2022-11-03T11:04:24,codecarbon,f797bd1d-4abf-4a1a-9a1b-da2009faca65,0.01039719581604,3.4240492648308535e-08,0.0032932430295757,22.5,1.529,2.940310478210449,6.498247385025023e-08,1.0303374793794422e-09,1.158053769927392e-09,6.717086509955706e-08,India,IND,,,,Windows-10-10.0.22000-SP0,3.10.8,8,Intel(R) Core(TM) i5-10300H CPU @ 2.50GHz,1,1 x NVIDIA GeForce GTX 1650,,,7.840827941894531,machine,N
2022-11-03T11:05:21,codecarbon,409454c0-2166-4569-bc96-ed0a22ec6a55,0.0229561328887939,7.554438617910906e-08,0.0032908149880934,22.5,2.763,2.940310478210449,1.3713687658309938e-07,5.358752608299255e-09,5.702640768845414e-09,1.4819826996024402e-07,India,IND,,,,Windows-10-10.0.22000-SP0,3.10.8,8,Intel(R) Core(TM) i5-10300H CPU @ 2.50GHz,1,1 x NVIDIA GeForce GTX 1650,,,7.840827941894531,machine,N
2022-11-04T19:54:48,codecarbon,40edb9a1-7348-4c93-a951-1bab01dbdf74,0.0158195495605468,4.743823657453358e-08,0.0029987096910042,22.5,1.154,2.940310478210449,8.641481399536135e-08,1.8733639187282982e-09,4.773198925249745e-09,9.30613768393394e-08,India,IND,,,,Windows-10-10.0.22000-SP0,3.10.8,8,Intel(R) Core(TM) i5-10300H CPU @ 2.50GHz,1,1 x NVIDIA GeForce GTX 1650,,,7.840827941894531,machine,N
2022-11-04T19:57:48,codecarbon,98f6037c-fde7-446a-b9b2-9b421b46ebfb,0.0239367485046386,8.133470520941556e-08,0.0033979011474199,22.5,1.152,2.940310478210449,1.4336556196212766e-07,4.787292480468751e-09,1.1404502621417124e-08,1.5955735706401356e-07,India,IND,,,,Windows-10-10.0.22000-SP0,3.10.8,8,Intel(R) Core(TM) i5-10300H CPU @ 2.50GHz,1,1 x NVIDIA GeForce GTX 1650,,,7.840827941894531,machine,N
2022-11-05T12:34:22,codecarbon,3c2c78f3-afbb-442a-9d5f-f6686e8c0529,0.0139784812927246,4.053463357719134e-08,0.0028997880905909,22.5,1.077,2.940310478210449,7.503181695938112e-08,1.2027853727340701e-09,3.283716280861882e-09,7.951831861297707e-08,India,IND,,,,Windows-10-10.0.22000-SP0,3.10.8,8,Intel(R) Core(TM) i5-10300H CPU @ 2.50GHz,1,1 x NVIDIA GeForce GTX 1650,,,7.840827941894531,machine,N
2022-11-05T13:01:54,codecarbon,8cbba2c8-aa79-4198-9bc7-1946a14159b7,0.0189568996429443,5.751154729413928e-08,0.0030338055471821,22.5,1.186,2.940310478210449,1.0596364736557009e-07,1.9714179303911e-09,4.887504888415606e-09,1.1282257018437676e-07,India,IND,,,,Windows-10-10.0.22000-SP0,3.10.8,8,Intel(R) Core(TM) i5-10300H CPU @ 2.50GHz,1,1 x NVIDIA GeForce GTX 1650,,,7.840827941894531,machine,N
2022-11-05T13:05:44,codecarbon,76c7aed9-bd2a-401d-a6b4-b7b836f5b7c0,0.012965440750122,3.870623030003697e-08,0.0029853385662706,22.5,1.118,2.940310478210449,7.480531930923462e-08,3.102368778652616e-10,8.159147967035091e-10,7.593147098380337e-08,India,IND,,,,Windows-10-10.0.22000-SP0,3.10.8,8,Intel(R) Core(TM) i5-10300H CPU @ 2.50GHz,1,1 x NVIDIA GeForce GTX 1650,,,7.840827941894531,machine,N
2022-11-05T13:35:10,codecarbon,bf9578ed-2624-418a-a58c-0919b4eaf336,0.0179529190063476,5.162762150161114e-08,0.0028757229664633,22.5,2.5170000000000003,2.940310478210449,9.976476430892944e-08,6.987826029459636e-10,8.163042548403611e-10,1.0127985116671577e-07,India,IND,,,,Windows-10-10.0.22000-SP0,3.10.8,8,Intel(R) Core(TM) i5-10300H CPU @ 2.50GHz,1,1 x NVIDIA GeForce GTX 1650,,,7.840827941894531,machine,N
2022-11-05T13:36:13,codecarbon,f1b66b52-2498-4375-9a86-97a05dcc9b06,0.0119695663452148,3.889286261862574e-08,0.0032493125896891,22.5,1.213,2.940310478210449,7.480978965759278e-08,6.72474371062384e-10,8.15330609498232e-10,7.62975946381534e-08,India,IND,,,,Windows-10-10.0.22000-SP0,3.10.8,8,Intel(R) Core(TM) i5-10300H CPU @ 2.50GHz,1,1 x NVIDIA GeForce GTX 1650,,,7.840827941894531,machine,N
2022-11-05T13:53:24,codecarbon,51278aa0-3b49-46fc-9c21-4d4e5de3f4b4,0.019946813583374,6.141459511946703e-08,0.0030789175856467,22.5,1.137,2.940310478210449,1.1225640773773196e-07,2.5200829903284707e-09,5.7028354979138384e-09,1.2047932622597425e-07,India,IND,,,,Windows-10-10.0.22000-SP0,3.10.8,8,Intel(R) Core(TM) i5-10300H CPU @ 2.50GHz,1,1 x NVIDIA GeForce GTX 1650,,,7.840827941894531,machine,N
2022-11-05T13:54:36,codecarbon,84ed2494-2e6d-4e26-b521-c385373e91e7,0.0102553367614746,3.2522353188365776e-08,0.0031712613583339,22.5,1.182,2.940310478210449,6.232857704162598e-08,6.55444860458374e-10,8.163042548403611e-10,6.380032615692472e-08,India,IND,,,,Windows-10-10.0.22000-SP0,3.10.8,8,Intel(R) Core(TM) i5-10300H CPU @ 2.50GHz,1,1 x NVIDIA GeForce GTX 1650,,,7.840827941894531,machine,N
2022-11-05T14:04:30,codecarbon,bcc2b31d-98b0-422c-922d-7de4beb71d6e,0.0099732875823974,3.177440468780701e-08,0.003185950913908,22.5,1.3000000000000005,2.940310478210449,6.233304738998412e-08,0.0,0.0,6.233304738998412e-08,India,IND,,,,Windows-10-10.0.22000-SP0,3.10.8,8,Intel(R) Core(TM) i5-10300H CPU @ 2.50GHz,1,1 x NVIDIA GeForce GTX 1650,,,7.840827941894531,machine,N
2022-11-05T14:16:00,codecarbon,72a8e2e6-d698-485f-9c5d-51ad44d77873,2.3490891456604004,8.905638606673832e-06,0.00379110287199,22.5,1.364,2.940310478210449,1.4675571024417876e-05,8.856981616550023e-07,1.909257760444234e-06,1.7470526946517115e-05,India,IND,,,,Windows-10-10.0.22000-SP0,3.10.8,8,Intel(R) Core(TM) i5-10300H CPU @ 2.50GHz,1,1 x NVIDIA GeForce GTX 1650,,,7.840827941894531,machine,N
2022-11-05T17:01:53,codecarbon,1e0d5cf9-c8bc-43a7-ad63-5d7c0e6922a3,2.4836089611053467,9.392645558366643e-06,0.0037818536273062,22.5,1.33,2.940310478210449,1.5497604012489318e-05,9.120280086994172e-07,2.0162748198498547e-06,1.842590684103859e-05,India,IND,,,,Windows-10-10.0.22000-SP0,3.10.8,8,Intel(R) Core(TM) i5-10300H CPU @ 2.50GHz,1,1 x NVIDIA GeForce GTX 1650,,,7.840827941894531,machine,N
2022-11-05T17:04:56,codecarbon,8d495a9b-2396-4d9b-8a95-88a6b9913651,2.345080137252808,8.894085483805769e-06,0.0037926573776813,22.5,1.376,2.940310478210449,1.465051919221878e-05,8.917673450046116e-07,1.9055762126765785e-06,1.7447862749899968e-05,India,IND,,,,Windows-10-10.0.22000-SP0,3.10.8,8,Intel(R) Core(TM) i5-10300H CPU @ 2.50GHz,1,1 x NVIDIA GeForce GTX 1650,,,7.840827941894531,machine,N
2022-11-05T19:10:54,codecarbon,dd61f940-61d6-4ef5-be35-2148844d943c,2.3812174797058105,8.99475804830692e-06,0.0037773778014674,22.5,1.311,2.940310478210449,1.4857700467109678e-05,8.598958939313888e-07,1.927759553422561e-06,1.764535591446363e-05,India,IND,,,,Windows-10-10.0.22000-SP0,3.10.8,8,Intel(R) Core(TM) i5-10300H CPU @ 2.50GHz,1,1 x NVIDIA GeForce GTX 1650,,,7.840827941894531,machine,N
2022-11-05T20:50:13,codecarbon,98c670e1-6503-4ad5-aee1-1c0b01c97713,2.441918134689331,9.213498931731772e-06,0.0037730580730151,22.5,1.25,2.940310478210449,1.5250547230243683e-05,8.423960871166653e-07,1.9815248334020905e-06,1.807446815076244e-05,India,IND,,,,Windows-10-10.0.22000-SP0,3.10.8,8,Intel(R) Core(TM) i5-10300H CPU @ 2.50GHz,1,1 x NVIDIA GeForce GTX 1650,,,7.840827941894531,machine,N
2022-11-07T15:47:55,codecarbon,d70ba44c-1c46-495b-8a86-f4ad38e7d155,2.5975983142852783,9.94953286636936e-06,0.0038302815380086,22.5,1.6710000000000005,2.940310478210449,1.6222532093524933e-05,1.194608795444171e-06,2.1012327756551485e-06,1.951837366462425e-05,India,IND,,,,Windows-10-10.0.22000-SP0,3.10.8,8,Intel(R) Core(TM) i5-10300H CPU @ 2.50GHz,1,1 x NVIDIA GeForce GTX 1650,,,7.840827941894531,machine,N
2022-11-08T15:05:28,codecarbon,2a65133c-dcbf-4a8e-b8d8-bcd04de7c52e,1.506336688995361,5.687570948286195e-06,0.0037757634065724,22.5,1.314,2.940310478210449,9.395898878574373e-06,5.443525600433349e-07,1.2172708796356348e-06,1.115752231825334e-05,India,IND,,,,Windows-10-10.0.22000-SP0,3.10.8,8,Intel(R) Core(TM) i5-10300H CPU @ 2.50GHz,1,1 x NVIDIA GeForce GTX 1650,,,7.840827941894531,machine,N
2022-11-08T15:08:06,codecarbon,79fc7576-f22e-4da5-a9f3-28fdb4f38635,0.8378739356994629,3.169270650714061e-06,0.003782514905501,22.5,1.334,2.940310478210449,5.236712098121643e-06,3.060317022270627e-07,6.745338985928129e-07,6.217277698941519e-06,India,IND,,,,Windows-10-10.0.22000-SP0,3.10.8,8,Intel(R) Core(TM) i5-10300H CPU @ 2.50GHz,1,1 x NVIDIA GeForce GTX 1650,,,7.840827941894531,machine,N
2022-11-08T15:09:40,codecarbon,d976a7e3-8e21-4ac3-a0da-93456ad08698,2.4966611862182617,9.510254996804498e-06,0.0038091892681721,22.5,1.502,2.940310478210449,1.559792309999466e-05,1.0341851030455696e-06,2.024517506587245e-06,1.8656625709627475e-05,India,IND,,,,Windows-10-10.0.22000-SP0,3.10.8,8,Intel(R) Core(TM) i5-10300H CPU @ 2.50GHz,1,1 x NVIDIA GeForce GTX 1650,,,7.840827941894531,machine,N
2022-11-08T15:17:08,codecarbon,5d758e77-1a63-4dff-873f-e35d41cd6f2e,1.6512401103973389,6.272688749892575e-06,0.0037987744546631,22.5,1.44,2.940310478210449,1.0314014554023742e-05,6.549118995666504e-07,1.3364435116795902e-06,1.2305369965269984e-05,India,IND,,,,Windows-10-10.0.22000-SP0,3.10.8,8,Intel(R) Core(TM) i5-10300H CPU @ 2.50GHz,1,1 x NVIDIA GeForce GTX 1650,,,7.840827941894531,machine,N
2022-11-08T15:17:21,codecarbon,4f0fdf06-42fa-462e-8968-600ebf0899b2,0.808908224105835,3.073888684626658e-06,0.0038000462759845,22.5,1.501,2.940310478210449,5.049441754817963e-06,3.314479020569061e-07,6.492736438366365e-07,6.030163300711505e-06,India,IND,,,,Windows-10-10.0.22000-SP0,3.10.8,8,Intel(R) Core(TM) i5-10300H CPU @ 2.50GHz,1,1 x NVIDIA GeForce GTX 1650,,,7.840827941894531,machine,N
2022-11-08T15:19:05,codecarbon,48ad55f7-aafa-4ae8-8b98-de93b902a341,2.757556915283203,1.0525682355162694e-05,0.0038170317707047,22.5,1.555,2.940310478210449,1.723473072052002e-05,1.1812031335300868e-06,2.232693980291174e-06,2.064862783434128e-05,India,IND,,,,Windows-10-10.0.22000-SP0,3.10.8,8,Intel(R) Core(TM) i5-10300H CPU @ 2.50GHz,1,1 x NVIDIA GeForce GTX 1650,,,7.840827941894531,machine,N
2022-11-08T15:21:53,codecarbon,40e0e1cc-db14-4ece-8ef4-28366e5113ec,0.8299980163574219,3.132555136046684e-06,0.0037741718345236,22.5,1.285,2.940310478210449,5.187487602233887e-06,2.912748310301039e-07,6.664890565889437e-07,6.145251489852934e-06,India,IND,,,,Windows-10-10.0.22000-SP0,3.10.8,8,Intel(R) Core(TM) i5-10300H CPU @ 2.50GHz,1,1 x NVIDIA GeForce GTX 1650,,,7.840827941894531,machine,N
2022-11-08T15:22:46,codecarbon,1a924ff8-95ae-47c6-bf3b-32912307f94c,2.3579370975494385,8.944918756692224e-06,0.0037935357843042,22.5,1.387,2.940310478210449,1.4730864763259886e-05,9.03080953889423e-07,1.9136385802966063e-06,1.7547584297445917e-05,India,IND,,,,Windows-10-10.0.22000-SP0,3.10.8,8,Intel(R) Core(TM) i5-10300H CPU @ 2.50GHz,1,1 x NVIDIA GeForce GTX 1650,,,7.840827941894531,machine,N
2022-11-08T15:24:07,codecarbon,45ae3705-58b3-43bd-9512-d93e66b737a9,0.8876190185546875,3.3658573765012248e-06,0.00379200682516,22.5,1.414,2.940310478210449,5.541388690471649e-06,3.4472011446952817e-07,7.168204841758552e-07,6.602929289117033e-06,India,IND,,,,Windows-10-10.0.22000-SP0,3.10.8,8,Intel(R) Core(TM) i5-10300H CPU @ 2.50GHz,1,1 x NVIDIA GeForce GTX 1650,,,7.840827941894531,machine,N
2022-11-08T15:27:54,codecarbon,5dc77ad7-25f7-4d1d-9cda-3ee840cb9aaa,0.8510303497314453,3.2438738279721173e-06,0.0038117016966501,22.5,1.558,2.940310478210449,5.312703549861908e-06,3.6399059997664563e-07,6.869354140445694e-07,6.363629563883123e-06,India,IND,,,,Windows-10-10.0.22000-SP0,3.10.8,8,Intel(R) Core(TM) i5-10300H CPU @ 2.50GHz,1,1 x NVIDIA GeForce GTX 1650,,,7.840827941894531,machine,N
2022-11-08T15:28:36,codecarbon,d82e4ee4-244e-4ac9-ac39-57fdaf7994e5,2.309177160263061,8.793317561798831e-06,0.0038079874134893,22.5,1.473,2.940310478210449,1.4432357251644136e-05,9.407577796777092e-07,1.877067487600925e-06,1.725018251892277e-05,India,IND,,,,Windows-10-10.0.22000-SP0,3.10.8,8,Intel(R) Core(TM) i5-10300H CPU @ 2.50GHz,1,1 x NVIDIA GeForce GTX 1650,,,7.840827941894531,machine,N
2022-11-08T15:29:45,codecarbon,0ac536c8-4c98-4aad-9891-562403b0b9b9,0.0139517784118652,4.197050617693928e-08,0.0030082549290809,22.5,1.279,2.940310478210449,8.116960525512696e-08,3.5330381658342154e-10,8.122149444034221e-10,8.233512401611378e-08,India,IND,,,,Windows-10-10.0.22000-SP0,3.10.8,8,Intel(R) Core(TM) i5-10300H CPU @ 2.50GHz,1,1 x NVIDIA GeForce GTX 1650,,,7.840827941894531,machine,N
2022-11-08T15:37:01,codecarbon,99b039a9-f57a-407d-945c-8206d11c3abc,2.348905086517334,8.92734350300489e-06,0.003800640372507,22.5,1.432,2.940310478210449,1.467442810535431e-05,9.299782927831014e-07,1.9086998616631945e-06,1.7513106259800607e-05,India,IND,,,,Windows-10-10.0.22000-SP0,3.10.8,8,Intel(R) Core(TM) i5-10300H CPU @ 2.50GHz,1,1 x NVIDIA GeForce GTX 1650,,,7.840827941894531,machine,N
2022-11-08T15:38:20,codecarbon,aadb4d74-083b-4bb4-a9b8-d7eec67217c7,2.3169336318969727,8.791941140481184e-06,0.0037946452239475,22.5,1.398,2.940310478210449,1.447460949420929e-05,8.935451392332713e-07,1.879327707898142e-06,1.7247482341340703e-05,India,IND,,,,Windows-10-10.0.22000-SP0,3.10.8,8,Intel(R) Core(TM) i5-10300H CPU @ 2.50GHz,1,1 x NVIDIA GeForce GTX 1650,,,7.840827941894531,machine,N
2022-11-08T15:38:53,codecarbon,5a786741-f04b-43a1-aa21-96418332f9f6,0.8430075645446777,3.1962262320271523e-06,0.003791456170092,22.5,1.435,2.940310478210449,5.262567102909088e-06,3.3046619130505454e-07,6.77124184661011e-07,6.270157478875153e-06,India,IND,,,,Windows-10-10.0.22000-SP0,3.10.8,8,Intel(R) Core(TM) i5-10300H CPU @ 2.50GHz,1,1 x NVIDIA GeForce GTX 1650,,,7.840827941894531,machine,N
2022-11-08T15:41:08,codecarbon,c94da5b6-8f9c-4b67-a4dd-2135e036965d,0.8306357860565186,3.1411295921909048e-06,0.0037815967538595,22.5,1.333,2.940310478210449,5.191473662853241e-06,3.027648052904341e-07,6.678338555354912e-07,6.162072323679167e-06,India,IND,,,,Windows-10-10.0.22000-SP0,3.10.8,8,Intel(R) Core(TM) i5-10300H CPU @ 2.50GHz,1,1 x NVIDIA GeForce GTX 1650,,,7.840827941894531,machine,N
2022-11-08T15:45:05,codecarbon,e167847c-c2b4-4514-9788-ea4355d6627e,0.8566179275512695,3.243706163871829e-06,0.0037866428655588,22.5,1.387,2.940310478210449,5.347621440887451e-06,3.25809034175343e-07,6.898701758348126e-07,6.363300650897607e-06,India,IND,,,,Windows-10-10.0.22000-SP0,3.10.8,8,Intel(R) Core(TM) i5-10300H CPU @ 2.50GHz,1,1 x NVIDIA GeForce GTX 1650,,,7.840827941894531,machine,N
2022-11-08T16:38:06,codecarbon,5fce4a8a-7453-4098-9228-6f9a44d9c8db,0.1088147163391113,3.955488796687417e-07,0.0036350678747904,22.5,1.406,2.940310478210449,6.614536046981812e-07,3.7043008671866526e-08,7.746653381389024e-08,7.75963147183938e-07,India,IND,,,,Windows-10-10.0.22000-SP0,3.10.8,8,Intel(R) Core(TM) i5-10300H CPU @ 2.50GHz,1,1 x NVIDIA GeForce GTX 1650,,,7.840827941894531,machine,N
2022-11-08T16:40:34,codecarbon,cfdabf8e-6b17-4497-87b9-e31f23e7ff48,1.555649757385254,5.895616923299363e-06,0.0037898099461724,22.5,1.389,2.940310478210449,9.710457921028136e-06,5.95214248696963e-07,1.2599817798587763e-06,1.1565653949583877e-05,India,IND,,,,Windows-10-10.0.22000-SP0,3.10.8,8,Intel(R) Core(TM) i5-10300H CPU @ 2.50GHz,1,1 x NVIDIA GeForce GTX 1650,,,7.840827941894531,machine,N
2022-11-08T17:18:44,codecarbon,4123ed96-e5e2-4847-8b27-eb1e237de284,2.351440906524658,8.919167370651647e-06,0.003793064646406,22.5,1.3930000000000002,2.940310478210449,1.4690271019935608e-05,9.025437578227784e-07,1.904252055011284e-06,1.749706683276967e-05,India,IND,,,,Windows-10-10.0.22000-SP0,3.10.8,8,Intel(R) Core(TM) i5-10300H CPU @ 2.50GHz,1,1 x NVIDIA GeForce GTX 1650,,,7.840827941894531,machine,N
2022-11-08T18:47:30,codecarbon,b8ffe896-3558-470e-bbd0-a1b763ce049a,2.4151597023010254,9.220223860998123e-06,0.00381764562079,22.5,1.595,2.940310478210449,1.508227437734604e-05,1.0572355180978775e-06,1.9481508025518228e-06,1.808766069799574e-05,India,IND,,,,Windows-10-10.0.22000-SP0,3.10.8,8,Intel(R) Core(TM) i5-10300H CPU @ 2.50GHz,1,1 x NVIDIA GeForce GTX 1650,,,7.840827941894531,machine,N
2022-11-08T18:48:02,codecarbon,fefe9bc7-ea29-44c3-8356-8deca5813647,1.7021386623382568,6.427227794259568e-06,0.0037759719207778,22.5,1.267,2.940310478210449,1.0632112622261048e-05,5.951847881078721e-07,1.38123762347675e-06,1.260853503384567e-05,India,IND,,,,Windows-10-10.0.22000-SP0,3.10.8,8,Intel(R) Core(TM) i5-10300H CPU @ 2.50GHz,1,1 x NVIDIA GeForce GTX 1650,,,7.840827941894531,machine,N
2022-11-08T18:49:19,codecarbon,7eced5d8-5cf6-4467-b3fa-1548d464de45,0.0689752101898193,2.515304207892517e-07,0.0036466785689676,22.5,1.287,2.940310478210449,4.239976406097412e-07,2.13886958360672e-08,4.80503712793734e-08,4.934367077251818e-07,India,IND,,,,Windows-10-10.0.22000-SP0,3.10.8,8,Intel(R) Core(TM) i5-10300H CPU @ 2.50GHz,1,1 x NVIDIA GeForce GTX 1650,,,7.840827941894531,machine,N
2022-11-08T18:49:54,codecarbon,f1a8b490-b456-4537-879a-e9a2fff7074d,2.369410753250122,8.963387773660276e-06,0.0037829607050466,22.5,1.295,2.940310478210449,1.4808817207813263e-05,8.487404588196013e-07,1.926257997575931e-06,1.7583815664208794e-05,India,IND,,,,Windows-10-10.0.22000-SP0,3.10.8,8,Intel(R) Core(TM) i5-10300H CPU @ 2.50GHz,1,1 x NVIDIA GeForce GTX 1650,,,7.840827941894531,machine,N
2022-11-08T18:53:19,codecarbon,a31fb284-be3e-46b4-9888-1ef626648c43,2.31775450706482,8.741683147840053e-06,0.0037716173655122,22.5,1.225,2.940310478210449,1.4479738473892212e-05,7.852254129118391e-07,1.88392545593274e-06,1.7148889342736792e-05,India,IND,,,,Windows-10-10.0.22000-SP0,3.10.8,8,Intel(R) Core(TM) i5-10300H CPU @ 2.50GHz,1,1 x NVIDIA GeForce GTX 1650,,,7.840827941894531,machine,N
2022-11-08T18:57:41,codecarbon,7f3c8251-d2ea-41eb-b2f8-5a97c48b525f,0.8249576091766357,3.123283706497997e-06,0.0037859929670995,22.5,1.382,2.940310478210449,5.149753391742707e-06,3.1248157819112145e-07,6.648284070934096e-07,6.127063377027238e-06,India,IND,,,,Windows-10-10.0.22000-SP0,3.10.8,8,Intel(R) Core(TM) i5-10300H CPU @ 2.50GHz,1,1 x NVIDIA GeForce GTX 1650,,,7.840827941894531,machine,N
2022-11-08T18:58:51,codecarbon,f7a5432c-a59c-4560-a8bf-6ec0c1ed02e7,2.32415771484375,8.813326028227107e-06,0.003792051620223,22.5,1.372,2.940310478210449,1.4519746601581571e-05,8.812006852361893e-07,1.8884865949024743e-06,1.7289433881720235e-05,India,IND,,,,Windows-10-10.0.22000-SP0,3.10.8,8,Intel(R) Core(TM) i5-10300H CPU @ 2.50GHz,1,1 x NVIDIA GeForce GTX 1650,,,7.840827941894531,machine,N
2022-11-08T18:59:42,codecarbon,58bd58d4-2351-403d-9e85-21e74fde81e2,2.409557580947876,9.08692803722035e-06,0.0037712018625617,22.5,1.242,2.940310478210449,1.5053506195545197e-05,8.233839976787567e-07,1.9492790627742806e-06,1.7826169255998233e-05,India,IND,,,,Windows-10-10.0.22000-SP0,3.10.8,8,Intel(R) Core(TM) i5-10300H CPU @ 2.50GHz,1,1 x NVIDIA GeForce GTX 1650,,,7.840827941894531,machine,N
2022-11-08T19:59:00,codecarbon,e989aa2b-1713-43be-b286-36ed937750e4,2.3197996616363525,8.846238211379792e-06,0.003813363006157,22.5,1.526,2.940310478210449,1.4491711556911468e-05,9.78225434091356e-07,1.8840619610097064e-06,1.735399895201253e-05,India,IND,,,,Windows-10-10.0.22000-SP0,3.10.8,8,Intel(R) Core(TM) i5-10300H CPU @ 2.50GHz,1,1 x NVIDIA GeForce GTX 1650,,,7.840827941894531,machine,N
2022-11-08T19:59:30,codecarbon,2ddb1651-7715-4aad-b95a-d00b9eea5802,1.4778354167938232,5.69437260516139e-06,0.003853184556583,22.5,1.843,2.940310478210449,9.236471354961396e-06,7.453181668784883e-07,1.1890758630892152e-06,1.11708653849291e-05,India,IND,,,,Windows-10-10.0.22000-SP0,3.10.8,8,Intel(R) Core(TM) i5-10300H CPU @ 2.50GHz,1,1 x NVIDIA GeForce GTX 1650,,,7.840827941894531,machine,N
2022-11-08T20:22:23,codecarbon,6c4c3dcd-1bd1-43f9-94a3-8116db521dc9,2.324117422103882,8.802183770679136e-06,0.0037873231735043,22.5,1.336,2.940310478210449,1.4519500732421877e-05,8.588047779930964e-07,1.889270184673819e-06,1.726757569508879e-05,India,IND,,,,Windows-10-10.0.22000-SP0,3.10.8,8,Intel(R) Core(TM) i5-10300H CPU @ 2.50GHz,1,1 x NVIDIA GeForce GTX 1650,,,7.840827941894531,machine,N
2022-11-08T20:23:12,codecarbon,b75bbd12-8d4c-4233-a5a8-713b3ac9d5a1,0.7880253791809082,2.9871065182866337e-06,0.0037906222276641,22.5,1.383,2.940310478210449,4.925158619880676e-06,2.992847182353338e-07,6.354761156933364e-07,5.8599194538093465e-06,India,IND,,,,Windows-10-10.0.22000-SP0,3.10.8,8,Intel(R) Core(TM) i5-10300H CPU @ 2.50GHz,1,1 x NVIDIA GeForce GTX 1650,,,7.840827941894531,machine,N
2022-11-08T20:23:22,codecarbon,020fbe13-9ae7-4473-bea8-a04e797d9544,0.8029613494873047,3.0220505365770014e-06,0.0037636313858775,22.5,1.219,2.940310478210449,5.012279748916626e-06,2.685148109330072e-07,6.47675891830204e-07,5.928470451679837e-06,India,IND,,,,Windows-10-10.0.22000-SP0,3.10.8,8,Intel(R) Core(TM) i5-10300H CPU @ 2.50GHz,1,1 x NVIDIA GeForce GTX 1650,,,7.840827941894531,machine,N
2022-11-08T20:24:03,codecarbon,205937c3-a0b6-4fcc-a196-51efabdb3d5b,2.315019130706787,8.746291281337436e-06,0.0037780643647066,22.5,1.271,2.940310478210449,1.4462634921073912e-05,8.134567999839784e-07,1.88183757086108e-06,1.715792929191897e-05,India,IND,,,,Windows-10-10.0.22000-SP0,3.10.8,8,Intel(R) Core(TM) i5-10300H CPU @ 2.50GHz,1,1 x NVIDIA GeForce GTX 1650,,,7.840827941894531,machine,N
2022-11-08T20:25:04,codecarbon,9673e187-248d-40c9-86dd-004560350887,2.318840503692627,8.969891556456429e-06,0.0038682658605334,22.5,1.9110000000000005,2.940310478210449,1.448651999235153e-05,1.2250945309797924e-06,1.8849598567442167e-06,1.759657438007554e-05,India,IND,,,,Windows-10-10.0.22000-SP0,3.10.8,8,Intel(R) Core(TM) i5-10300H CPU @ 2.50GHz,1,1 x NVIDIA GeForce GTX 1650,,,7.840827941894531,machine,N
2022-11-10T17:58:15,codecarbon,72498702-befe-451b-ab2a-8e443c5ddd84,2.494136095046997,9.320412003172056e-06,0.0037369300022084,22.5,1.052,2.940310478210449,1.556333303451538e-05,7.17180843618181e-07,2.003689674886573e-06,1.8284203553020136e-05,India,IND,,,,Windows-10-10.0.22000-SP0,3.10.8,8,Intel(R) Core(TM) i5-10300H CPU @ 2.50GHz,1,1 x NVIDIA GeForce GTX 1650,,,7.840827941894531,machine,N
2022-11-10T18:00:00,codecarbon,982c5be9-dd3f-4336-80bd-a96c669a685b,3.7630226612091056,1.4702236717111862e-05,0.0039070284823604,22.5,2.186,2.940310478210449,2.3506411910057063e-05,2.2759090790483686e-06,3.0596109693607337e-06,2.884193195846617e-05,India,IND,,,,Windows-10-10.0.22000-SP0,3.10.8,8,Intel(R) Core(TM) i5-10300H CPU @ 2.50GHz,1,1 x NVIDIA GeForce GTX 1650,,,7.840827941894531,machine,N
2022-11-10T18:03:21,codecarbon,2731413c-fd71-4d72-8be5-b09ac65c8c71,0.8419680595397949,3.174021876511729e-06,0.0037697651835469,22.5,1.272,2.940310478210449,5.256251990795136e-06,2.9326327006022137e-07,6.770830968275731e-07,6.22659835768293e-06,India,IND,,,,Windows-10-10.0.22000-SP0,3.10.8,8,Intel(R) Core(TM) i5-10300H CPU @ 2.50GHz,1,1 x NVIDIA GeForce GTX 1650,,,7.840827941894531,machine,N
2022-11-10T18:32:45,codecarbon,1a7f2aa2-6dde-4128-8026-229cddadb73b,2.5044755935668945,9.40086185663601e-06,0.0037536248629387,22.5,1.135,2.940310478210449,1.5634471178054808e-05,7.823741048574447e-07,2.0251797801489605e-06,1.844202506306121e-05,India,IND,,,,Windows-10-10.0.22000-SP0,3.10.8,8,Intel(R) Core(TM) i5-10300H CPU @ 2.50GHz,1,1 x NVIDIA GeForce GTX 1650,,,7.840827941894531,machine,N
2022-11-10T18:34:56,codecarbon,64e63cc0-ca34-4f25-8337-565071917f7f,2.446089506149292,9.202746066367229e-06,0.0037622278511199,22.5,1.163,2.940310478210449,1.5282028913497925e-05,7.857122928566403e-07,1.98563264310053e-06,1.805337384945509e-05,India,IND,,,,Windows-10-10.0.22000-SP0,3.10.8,8,Intel(R) Core(TM) i5-10300H CPU @ 2.50GHz,1,1 x NVIDIA GeForce GTX 1650,,,7.840827941894531,machine,N
2022-11-10T18:36:39,codecarbon,6fac73fb-e8ca-4884-8b56-509df353b1f4,1.236328125,4.668622098826862e-06,0.0037761998650858,22.5,1.3000000000000005,2.940310478210449,7.720819115638733e-06,4.410508738623726e-07,9.96741962205192e-07,9.158611951706298e-06,India,IND,,,,Windows-10-10.0.22000-SP0,3.10.8,8,Intel(R) Core(TM) i5-10300H CPU @ 2.50GHz,1,1 x NVIDIA GeForce GTX 1650,,,7.840827941894531,machine,N
2022-11-10T18:38:24,codecarbon,5a1efefe-c437-4cdf-a105-b655e4d5b585,2.4120395183563232,9.22830209667792e-06,0.00382593320982,22.5,1.622,2.940310478210449,1.5069007873535156e-05,1.0791191110346057e-06,1.955381092862467e-06,1.8103508077432227e-05,India,IND,,,,Windows-10-10.0.22000-SP0,3.10.8,8,Intel(R) Core(TM) i5-10300H CPU @ 2.50GHz,1,1 x NVIDIA GeForce GTX 1650,,,7.840827941894531,machine,N
2022-11-10T18:39:10,codecarbon,ee28f589-0e61-41c8-bd3e-a07f28b2c68d,2.3940649032592773,8.986150713761004e-06,0.0037535117370992,22.5,1.121,2.940310478210449,1.4944194257259368e-05,7.411370693312751e-07,1.94313925524682e-06,1.7628470581837462e-05,India,IND,,,,Windows-10-10.0.22000-SP0,3.10.8,8,Intel(R) Core(TM) i5-10300H CPU @ 2.50GHz,1,1 x NVIDIA GeForce GTX 1650,,,7.840827941894531,machine,N
2022-11-10T18:41:08,codecarbon,64f362b3-5b6e-4604-ab08-e0d2c13b0f26,2.452996730804444,9.208041486548963e-06,0.0037537928081662,22.5,1.154,2.940310478210449,1.531899869441986e-05,7.738528390725452e-07,1.970910541340345e-06,1.806376207483276e-05,India,IND,,,,Windows-10-10.0.22000-SP0,3.10.8,8,Intel(R) Core(TM) i5-10300H CPU @ 2.50GHz,1,1 x NVIDIA GeForce GTX 1650,,,7.840827941894531,machine,N
2022-11-10T23:38:46,codecarbon,904d6cb2-675a-47f5-839e-878bb61151c1,2.772480726242065,1.0524572034117795e-05,0.0037960848327999,22.5,1.468,2.940310478210449,1.730927377939224e-05,1.1118465693791706e-06,2.2253293269233154e-06,2.0646449675694726e-05,India,IND,,,,Windows-10-10.0.22000-SP0,3.10.8,8,Intel(R) Core(TM) i5-10300H CPU @ 2.50GHz,1,1 x NVIDIA GeForce GTX 1650,,,7.840827941894531,machine,N
2022-11-10T23:40:19,codecarbon,88b724a2-e377-419a-8a7b-18c81dd50a00,2.456754446029663,9.654828945449728e-06,0.0039299120679532,22.5,2.383,2.940310478210449,1.5342195332050322e-05,1.6110449537965987e-06,1.987001588451562e-06,1.894024187429848e-05,India,IND,,,,Windows-10-10.0.22000-SP0,3.10.8,8,Intel(R) Core(TM) i5-10300H CPU @ 2.50GHz,1,1 x NVIDIA GeForce GTX 1650,,,7.840827941894531,machine,N
2022-11-10T23:41:10,codecarbon,7a41aaac-9191-45f1-b65a-4bcaa9c85e66,2.4775452613830566,1.2934926025808974e-05,0.0052208636618764,22.5,11.767,2.940310478210449,1.5465952455997466e-05,7.928611359066434e-06,1.9803681427356426e-06,2.5374931957799545e-05,India,IND,,,,Windows-10-10.0.22000-SP0,3.10.8,8,Intel(R) Core(TM) i5-10300H CPU @ 2.50GHz,1,1 x NVIDIA GeForce GTX 1650,,,7.840827941894531,machine,N
2022-11-10T23:41:35,codecarbon,c035403d-966f-4cad-b0e6-8b4fe35504f8,2.387646436691284,9.212314279803719e-06,0.003858324305574245,22.5,1.842,2.940310478210449,1.4916554093360901e-05,1.2157507046063743e-06,1.9398393764532784e-06,1.8072144174420553e-05,India,IND,,,,Windows-10-10.0.22000-SP0,3.10.8,8,Intel(R) Core(TM) i5-10300H CPU @ 2.50GHz,1,1 x NVIDIA GeForce GTX 1650,,,7.840827941894531,machine,N
